{
    "countries": [
        {
            "name": "Nigeria",
            "states": [
                {
                    "name": "Abia",
                    "cities": [
                        { 
                            "name": "Aba North"
                        },
                        { 
                            "name": "Aba South"
                        },
                        { 
                            "name": "Arochukwu"
                        },
                        { 
                            "name": "Bende"
                        },
                        { 
                            "name": "Ikwuano"
                        },
                        { 
                            "name": "Isiala Ngwa North"
                        },
                        { 
                            "name": "Isiala Ngwa South"
                        },
                        { 
                            "name": "Isuikwuato"
                        },
                        { 
                            "name": "Obi Ngwa"
                        },
                        { 
                            "name": "Ohafia"
                        },
                        { 
                            "name": "Osisioma"
                        },
                        { 
                            "name": "Ugwunagbo"
                        },
                        { 
                            "name": "Ukwa East"
                        },
                        { 
                            "name": "Ukwa West"
                        },
                        { 
                            "name": "Umuahia North"
                        },
                        { 
                            "name": "Umuahia South"
                        },
                        { 
                            "name": "Umu Nneochi"
                        }
                    ]
                },
                {
                    "name": "Adamawa",
                    "cities": [
                        { 
                            "name": "Demsa"
                        },
                        { 
                            "name": "Fufure"
                        },
                        { 
                            "name": "Ganye"
                        },
                        { 
                            "name": "Gayuk"
                        },
                        { 
                            "name": "Gombi"
                        },
                        { 
                            "name": "Grie"
                        },
                        { 
                            "name": "Hong"
                        },
                        { 
                            "name": "Jada"
                        },
                        { 
                            "name": "Larmurde"
                        },
                        { 
                            "name": "Madagali"
                        },
                        { 
                            "name": "Maiha"
                        },
                        { 
                            "name": "Mayo Belwa"
                        },
                        { 
                            "name": "Michika"
                        },
                        { 
                            "name": "Mubi North"
                        },
                        { 
                            "name": "Mubi South"
                        },
                        { 
                            "name": "Numan"
                        },
                        { 
                            "name": "Shelleng"
                        },
                        { 
                            "name": "Song"
                        },
                        { 
                            "name": "Toungo"
                        },
                        { 
                            "name": "Yola North"
                        },
                        { 
                            "name": "Yola South"
                        }
                    ]
                },
                {
                    "name": "Akwa Ibom",
                    "cities": [
                        {
                            "name": "Abak"
                        },
                        {
                            "name": "Eastern Obolo"
                        },
                        {
                            "name": "Eket"
                        },
                        {
                            "name": "Esit Eket"
                        },
                        {
                            "name": "Essien Udim"
                        },
                        {
                            "name": "Etim Ekpo"
                        },
                        {
                            "name": "Etinan"
                        },
                        {
                            "name": "Ibeno"
                        },
                        {
                            "name": "Ibesikpo Asutan"
                        },
                        {
                            "name": "Ibiono-Ibom"
                        },
                        {
                            "name": "Ika"
                        },
                        {
                            "name": "Ikono"
                        },
                        {
                            "name": "Ikot Abasi"
                        },
                        {
                            "name": "Ikot Ekpene"
                        },
                        {
                            "name": "Ini"
                        },
                        {
                            "name": "Itu"
                        },
                        {
                            "name": "Mbo"
                        },
                        {
                            "name": "Mkpat-Enin"
                        },
                        {
                            "name": "Nsit-Atai"
                        },
                        {
                            "name": "Nsit-Ibom"
                        },
                        {
                            "name": "Nsit-Ubium"
                        },
                        {
                            "name": "Obot Akara"
                        },
                        {
                            "name": "Okobo"
                        },
                        {
                            "name": "Onna"
                        },
                        {
                            "name": "Oron"
                        },
                        {
                            "name": "Oruk Anam"
                        },
                        {
                            "name": "Udung-Uko"
                        },
                        {
                            "name": "Ukanafun"
                        },
                        {
                            "name": "Uruan"
                        },
                        {
                            "name": "Urue-Offong Oruko"
                        },
                        {
                            "name": "Uyo"
                        }
                    ]
                },
                {
                    "name": "Anambra",
                    "cities": [
                        {
                            "name": "Aguata"
                        },
                        {
                            "name": "Anambra East"
                        },
                        {
                            "name": "Anambra West"
                        },
                        {
                            "name": "Anaocha"
                        },
                        {
                            "name": "Awka North"
                        },
                        {
                            "name": "Awka South"
                        },
                        {
                            "name": "Ayamelum"
                        },
                        {
                            "name": "Dunukofia"
                        },
                        {
                            "name": "Ekwusigo"
                        },
                        {
                            "name": "Idemili North"
                        },
                        {
                            "name": "Idemili South"
                        },
                        {
                            "name": "Ihiala"
                        },
                        {
                            "name": "Njikoka"
                        },
                        {
                            "name": "Nnewi North"
                        },
                        {
                            "name": "Nnewi South"
                        },
                        {
                            "name": "Ogbaru"
                        },
                        {
                            "name": "Onitsha North"
                        },
                        {
                            "name": "Onitsha South"
                        },
                        {
                            "name": "Orumba North"
                        },
                        {
                            "name": "Orumba South"
                        },
                        {
                            "name": "Oyi"
                        }
                    ]
                },
                { 
                    "name": "Bauchi",
                    "cities": [
                        {
                            "name": "Alkaleri"
                        },
                        {
                            "name": "Bauchi"
                        },
                        {
                            "name": "Bogoro"
                        },
                        {
                            "name": "Damban"
                        },
                        {
                            "name": "Darazo"
                        },
                        {
                            "name": "Dass"
                        },
                        {
                            "name": "Gamawa"
                        },
                        {
                            "name": "Ganjuwa"
                        },
                        {
                            "name": "Giade"
                        },
                        {
                            "name": "Itas-Gadau"
                        },
                        {
                            "name": "Jama are"
                        },
                        {
                            "name": "Katagum"
                        },
                        {
                            "name": "Kirfi"
                        },
                        {
                            "name": "Misau"
                        },
                        {
                            "name": "Ningi"
                        },
                        {
                            "name": "Shira"
                        },
                        {
                            "name": "Tafawa Balewa"
                        },
                        {
                            "name": "Toro"
                        },
                        {
                            "name": "Warji"
                        },
                        {
                            "name": "Zaki"
                        }
                    ]
                },
                { 
                    "name": "Bayelsa",
                    "cities": [
                        { 
                            "name": "Brass"
                        },
                        { 
                            "name": "Ekeremor"
                        },
                        { 
                            "name": "Kolokuma Opokuma"
                        },
                        { 
                            "name": "Nembe"
                        },
                        { 
                            "name": "Ogbia"
                        },
                        { 
                            "name": "Sagbama"
                        },
                        { 
                            "name": "Southern Ijaw"
                        },
                        { 
                            "name": "Yenagoa"
                        }
                    ]
                },
                { 
                    "name": "Benue",
                    "cities": [
                        { 
                            "name": "Agatu"
                        },
                        { 
                            "name": "Apa"
                        },
                        { 
                            "name": "Ado"
                        },
                        { 
                            "name": "Buruku"
                        },
                        { 
                            "name": "Gboko"
                        },
                        { 
                            "name": "Guma"
                        },
                        { 
                            "name": "Gwer East"
                        },
                        { 
                            "name": "Gwer West"
                        },
                        { 
                            "name": "Katsina-Ala"
                        },
                        { 
                            "name": "Konshisha"
                        },
                        { 
                            "name": "Kwande"
                        },
                        { 
                            "name": "Logo"
                        },
                        { 
                            "name": "Makurdi"
                        },
                        { 
                            "name": "Obi"
                        },
                        { 
                            "name": "Ogbadibo"
                        },
                        { 
                            "name": "Ohimini"
                        },
                        { 
                            "name": "Oju"
                        },
                        { 
                            "name": "Okpokwu"
                        },
                        { 
                            "name": "Oturkpo"
                        },
                        { 
                            "name": "Tarka"
                        },
                        { 
                            "name": "Ukum"
                        },
                        { 
                            "name": "Ushongo"
                        },
                        { 
                            "name": "Vandeikya"
                        }
                    ]
                },
                { 
                    "name": "Borno",
                    "cities": [
                        { 
                            "name": "Abadam"
                        },
                        { 
                            "name": "Askira-Uba"
                        },
                        { 
                            "name": "Bama"
                        },
                        { 
                            "name": "Bayo"
                        },
                        { 
                            "name": "Biu"
                        },
                        { 
                            "name": "Chibok"
                        },
                        { 
                            "name": "Damboa"
                        },
                        { 
                            "name": "Dikwa"
                        },
                        { 
                            "name": "Gubio"
                        },
                        { 
                            "name": "Guzamala"
                        },
                        { 
                            "name": "Gwoza"
                        },
                        { 
                            "name": "Hawul"
                        },
                        { 
                            "name": "Jere"
                        },
                        { 
                            "name": "Kaga"
                        },
                        { 
                            "name": "Kala-Balge"
                        },
                        { 
                            "name": "Konduga"
                        },
                        { 
                            "name": "Kukawa"
                        },
                        { 
                            "name": "Kwaya Kusar"
                        },
                        { 
                            "name": "Mafa"
                        },
                        { 
                            "name": "Magumeri"
                        },
                        { 
                            "name": "Maiduguri"
                        },
                        { 
                            "name": "Marte"
                        },
                        { 
                            "name": "Mobbar"
                        },
                        { 
                            "name": "Monguno"
                        },
                        { 
                            "name": "Ngala"
                        },
                        { 
                            "name": "Nganzai"
                        },
                        { 
                            "name": "Shani"
                        }
                    ]
                },
                { 
                    "name": "Cross River",
                    "cities": [
                        { 
                            "name": "Abi"
                        },
                        { 
                            "name": "Akamkpa"
                        },
                        { 
                            "name": "Akpabuyo"
                        },
                        { 
                            "name": "Bakassi"
                        },
                        { 
                            "name": "Bekwarra"
                        },
                        { 
                            "name": "Biase"
                        },
                        { 
                            "name": "Boki"
                        },
                        { 
                            "name": "Calabar Municipal"
                        },
                        { 
                            "name": "Calabar South"
                        },
                        { 
                            "name": "Etung"
                        },
                        { 
                            "name": "Ikom"
                        },
                        { 
                            "name": "Obanliku"
                        },
                        { 
                            "name": "Obubra"
                        },
                        { 
                            "name": "Obudu"
                        },
                        { 
                            "name": "Odukpani"
                        },
                        { 
                            "name": "Ogoja"
                        },
                        { 
                            "name": "Yakuur"
                        },
                        { 
                            "name": "Yala"
                        }
                    ]
                },
                { 
                    "name": "Delta",
                    "cities": [
                        { 
                            "name": "Aniocha North"
                        },
                        { 
                            "name": "Aniocha South"
                        },
                        { 
                            "name": "Bomadi"
                        },
                        { 
                            "name": "Burutu"
                        },
                        { 
                            "name": "Ethiope East"
                        },
                        { 
                            "name": "Ethiope West"
                        },
                        { 
                            "name": "Ika North East"
                        },
                        { 
                            "name": "Ika South"
                        },
                        { 
                            "name": "Isoko North"
                        },
                        { 
                            "name": "Isoko South"
                        },
                        { 
                            "name": "Ndokwa East"
                        },
                        { 
                            "name": "Ndokwa West"
                        },
                        { 
                            "name": "Okpe"
                        },
                        { 
                            "name": "Oshimili North"
                        },
                        { 
                            "name": "Oshimili South"
                        },
                        { 
                            "name": "Patani"
                        },
                        { 
                            "name": "Sapele"
                        },
                        { 
                            "name": "Udu"
                        },
                        { 
                            "name": "Ughelli North"
                        },
                        { 
                            "name": "Ughelli South"
                        },
                        { 
                            "name": "Ukwuani"
                        },
                        { 
                            "name": "Uvwie"
                        },
                        { 
                            "name": "Warri North"
                        },
                        { 
                            "name": "Warri South"
                        },
                        { 
                            "name": "Warri South West"
                        }
                    ]
                },
                { 
                    "name": "Ebonyi",
                    "cities": [
                        { 
                            "name": "Abakaliki"
                        },
                        { 
                            "name": "Afikpo North"
                        },
                        { 
                            "name": "Afikpo South"
                        },
                        { 
                            "name": "Ebonyi"
                        },
                        { 
                            "name": "Ezza North"
                        },
                        { 
                            "name": "Ezza South"
                        },
                        { 
                            "name": "Ikwo"
                        },
                        { 
                            "name": "Ishielu"
                        },
                        { 
                            "name": "Ivo"
                        },
                        { 
                            "name": "Izzi"
                        },
                        { 
                            "name": "Ohaozara"
                        },
                        { 
                            "name": "Ohaukwu"
                        },
                        { 
                            "name": "Onicha"
                        }
                    ]
                },
                { 
                    "name": "Edo",
                    "cities": [
                        { 
                            "name": "Akoko-Edo"
                        },
                        { 
                            "name": "Egor"
                        },
                        { 
                            "name": "Esan Central"
                        },
                        { 
                            "name": "Esan North-East"
                        },
                        { 
                            "name": "Esan South-East"
                        },
                        { 
                            "name": "Esan West"
                        },
                        { 
                            "name": "Etsako Central"
                        },
                        { 
                            "name": "Etsako East"
                        },
                        { 
                            "name": "Etsako West"
                        },
                        { 
                            "name": "Igueben"
                        },
                        { 
                            "name": "Ikpoba Okha"
                        },
                        { 
                            "name": "Orhionmwon"
                        },
                        { 
                            "name": "Oredo"
                        },
                        { 
                            "name": "Ovia North-East"
                        },
                        { 
                            "name": "Ovia South-West"
                        },
                        { 
                            "name": "Owan East"
                        },
                        { 
                            "name": "Owan West"
                        },
                        { 
                            "name": "Uhunmwonde"
                        }
                    ]
                },
                { 
                    "name": "Ekiti",
                    "cities": [
                        { 
                            "name": "Ado Ekiti"
                        },
                        { 
                            "name": "Efon"
                        },
                        { 
                            "name": "Ekiti East"
                        },
                        { 
                            "name": "Ekiti South-West"
                        },
                        { 
                            "name": "Ekiti West"
                        },
                        { 
                            "name": "Emure"
                        },
                        { 
                            "name": "Gbonyin"
                        },
                        { 
                            "name": "Ido Osi"
                        },
                        { 
                            "name": "Ijero"
                        },
                        { 
                            "name": "Ikere"
                        },
                        { 
                            "name": "Ikole"
                        },
                        { 
                            "name": "Ilejemeje"
                        },
                        { 
                            "name": "Irepodun-Ifelodun"
                        },
                        { 
                            "name": "Ise-Orun"
                        },
                        { 
                            "name": "Moba"
                        },
                        { 
                            "name": "Oye"
                        }
                    ]
                },
                { 
                    "name": "Enugu",
                    "cities": [
                        { 
                            "name": "Aninri"
                        },
                        { 
                            "name": "Awgu"
                        },
                        { 
                            "name": "Enugu East"
                        },
                        { 
                            "name": "Enugu North"
                        },
                        { 
                            "name": "Enugu South"
                        },
                        { 
                            "name": "Ezeagu"
                        },
                        { 
                            "name": "Igbo Etiti"
                        },
                        { 
                            "name": "Igbo Eze North"
                        },
                        { 
                            "name": "Igbo Eze South"
                        },
                        { 
                            "name": "Isi Uzo"
                        },
                        { 
                            "name": "Nkanu East"
                        },
                        { 
                            "name": "Nkanu West"
                        },
                        { 
                            "name": "Nsukka"
                        },
                        { 
                            "name": "Oji River"
                        },
                        { 
                            "name": "Udenu"
                        },
                        { 
                            "name": "Udi"
                        },
                        { 
                            "name": "Uzo Uwani"
                        }
                    ]
                },
                { 
                    "name": "Federal Capital Territory",
                    "cities": [
                        { 
                            "name": "Abaji"
                        },
                        { 
                            "name": "Bwari"
                        },
                        { 
                            "name": "Gwagwalada"
                        },
                        { 
                            "name": "Kuje"
                        },
                        { 
                            "name": "Kwali"
                        },
                        { 
                            "name": "Abuja Municipal Area Council"
                        }
                    ]
                },
                { 
                    "name": "Gombe",
                    "cities": [
                        { 
                            "name": "Akko"
                        },
                        { 
                            "name": "Balanga"
                        },
                        { 
                            "name": "Billiri"
                        },
                        { 
                            "name": "Dukku"
                        },
                        { 
                            "name": "Funakaye"
                        },
                        { 
                            "name": "Gombe"
                        },
                        { 
                            "name": "Kaltungo"
                        },
                        { 
                            "name": "Kwami"
                        },
                        { 
                            "name": "Nafada"
                        },
                        { 
                            "name": "Shongom"
                        },
                        { 
                            "name": "Yamaltu-Deba"
                        }
                    ]
                },
                { 
                    "name": "Imo",
                    "cities": [
                        { 
                            "name": "Aboh Mbaise"
                        },
                        { 
                            "name": "Ahiazu Mbaise"
                        },
                        { 
                            "name": "Ehime Mbano"
                        },
                        { 
                            "name": "Ezinihitte"
                        },
                        { 
                            "name": "Ideato North"
                        },
                        { 
                            "name": "Ideato South"
                        },
                        { 
                            "name": "Ihitte-Uboma"
                        },
                        { 
                            "name": "Ikeduru"
                        },
                        { 
                            "name": "Isiala Mbano"
                        },
                        { 
                            "name": "Isu"
                        },
                        { 
                            "name": "Mbaitoli"
                        },
                        { 
                            "name": "Ngor Okpala"
                        },
                        { 
                            "name": "Njaba"
                        },
                        { 
                            "name": "Nkwerre"
                        },
                        { 
                            "name": "Nwangele"
                        },
                        { 
                            "name": "Obowo"
                        },
                        { 
                            "name": "Oguta"
                        },
                        { 
                            "name": "Ohaji-Egbema"
                        },
                        { 
                            "name": "Okigwe"
                        },
                        { 
                            "name": "Orlu"
                        },
                        { 
                            "name": "Orsu"
                        },
                        { 
                            "name": "Oru East"
                        },
                        { 
                            "name": "Oru West"
                        },
                        { 
                            "name": "Owerri Municipal"
                        },
                        { 
                            "name": "Owerri North"
                        },
                        { 
                            "name": "Owerri West"
                        },
                        { 
                            "name": "Unuimo"
                        }
                    ]
                },
                { 
                    "name": "Jigawa",
                    "cities": [
                        { 
                            "name": "Auyo"
                        },
                        { 
                            "name": "Babura"
                        },
                        { 
                            "name": "Biriniwa"
                        },
                        { 
                            "name": "Birnin Kudu"
                        },
                        { 
                            "name": "Buji"
                        },
                        { 
                            "name": "Dutse"
                        },
                        { 
                            "name": "Gagarawa"
                        },
                        { 
                            "name": "Garki"
                        },
                        { 
                            "name": "Gumel"
                        },
                        { 
                            "name": "Guri"
                        },
                        { 
                            "name": "Gwaram"
                        },
                        { 
                            "name": "Gwiwa"
                        },
                        { 
                            "name": "Hadejia"
                        },
                        { 
                            "name": "Jahun"
                        },
                        { 
                            "name": "Kafin Hausa"
                        },
                        { 
                            "name": "Kazaure"
                        },
                        { 
                            "name": "Kiri Kasama"
                        },
                        { 
                            "name": "Kiyawa"
                        },
                        { 
                            "name": "Kaugama"
                        },
                        { 
                            "name": "Maigatari"
                        },
                        { 
                            "name": "Malam Madori"
                        },
                        { 
                            "name": "Miga"
                        },
                        { 
                            "name": "Ringim"
                        },
                        { 
                            "name": "Roni"
                        },
                        { 
                            "name": "Sule Tankarkar"
                        },
                        { 
                            "name": "Taura"
                        },
                        { 
                            "name": "Yankwashi"
                        }
                    ]
                },
                { 
                    "name": "Kaduna",
                    "cities": [
                        { 
                            "name": "Birnin Gwari"
                        },
                        { 
                            "name": "Chikun"
                        },
                        { 
                            "name": "Giwa"
                        },
                        { 
                            "name": "Igabi"
                        },
                        { 
                            "name": "Ikara"
                        },
                        { 
                            "name": "Jaba"
                        },
                        { 
                            "name": "Jema a"
                        },
                        { 
                            "name": "Kachia"
                        },
                        { 
                            "name": "Kaduna North"
                        },
                        { 
                            "name": "Kaduna South"
                        },
                        { 
                            "name": "Kagarko"
                        },
                        { 
                            "name": "Kajuru"
                        },
                        { 
                            "name": "Kaura"
                        },
                        { 
                            "name": "Kauru"
                        },
                        { 
                            "name": "Kubau"
                        },
                        { 
                            "name": "Kudan"
                        },
                        { 
                            "name": "Lere"
                        },
                        { 
                            "name": "Makarfi"
                        },
                        { 
                            "name": "Sabon Gari"
                        },
                        { 
                            "name": "Sanga"
                        },
                        { 
                            "name": "Soba"
                        },
                        { 
                            "name": "Zangon Kataf"
                        },
                        { 
                            "name": "Zaria"
                        }
                    ]
                },
                { 
                    "name": "Kano",
                    "cities": [
                        { 
                            "name": "Ajingi"
                        },
                        { 
                            "name": "Albasu"
                        },
                        { 
                            "name": "Bagwai"
                        },
                        { 
                            "name": "Bebeji"
                        },
                        { 
                            "name": "Bichi"
                        },
                        { 
                            "name": "Bunkure"
                        },
                        { 
                            "name": "Dala"
                        },
                        { 
                            "name": "Dambatta"
                        },
                        { 
                            "name": "Dawakin Kudu"
                        },
                        { 
                            "name": "Dawakin Tofa"
                        },
                        { 
                            "name": "Doguwa"
                        },
                        { 
                            "name": "Fagge"
                        },
                        { 
                            "name": "Gabasawa"
                        },
                        { 
                            "name": "Garko"
                        },
                        { 
                            "name": "Garun Mallam"
                        },
                        { 
                            "name": "Gaya"
                        },
                        { 
                            "name": "Gezawa"
                        },
                        { 
                            "name": "Gwale"
                        },
                        { 
                            "name": "Gwarzo"
                        },
                        { 
                            "name": "Kabo"
                        },
                        { 
                            "name": "Kano Municipal"
                        },
                        { 
                            "name": "Karaye"
                        },
                        { 
                            "name": "Kibiya"
                        },
                        { 
                            "name": "Kiru"
                        },
                        { 
                            "name": "Kumbotso"
                        },
                        { 
                            "name": "Kunchi"
                        },
                        { 
                            "name": "Kura"
                        },
                        { 
                            "name": "Madobi"
                        },
                        { 
                            "name": "Makoda"
                        },
                        { 
                            "name": "Minjibir"
                        },
                        { 
                            "name": "Nasarawa"
                        },
                        { 
                            "name": "Rano"
                        },
                        { 
                            "name": "Rimin Gado"
                        },
                        { 
                            "name": "Rogo"
                        },
                        { 
                            "name": "Shanono"
                        },
                        { 
                            "name": "Sumaila"
                        },
                        { 
                            "name": "Takai"
                        },
                        { 
                            "name": "Tarauni"
                        },
                        { 
                            "name": "Tofa"
                        },
                        { 
                            "name": "Tsanyawa"
                        },
                        { 
                            "name": "Tudun Wada"
                        },
                        { 
                            "name": "Ungogo"
                        },
                        { 
                            "name": "Warawa"
                        },
                        { 
                            "name": "Wudil"
                        }
                    ]
                },
                { 
                    "name": "Katsina",
                    "cities": [
                        {"name": "Bakori"},
                        {"name": "Batagarawa"},
                        {"name": "Batsari"},
                        {"name": "Baure"},
                        {"name": "Bindawa"},
                        {"name": "Charanchi"},
                        {"name": "Dandume"},
                        {"name": "Danja"},
                        {"name": "Dan Musa"},
                        {"name": "Daura"},
                        {"name": "Dutsi"},
                        {"name": "Dutsin Ma"},
                        {"name": "Faskari"},
                        {"name": "Funtua"},
                        {"name": "Ingawa"},
                        {"name": "Jibia"},
                        {"name": "Kafur"},
                        {"name": "Kaita"},
                        {"name": "Kankara"},
                        {"name": "Kankia"},
                        {"name": "Katsina"},
                        {"name": "Kurfi"},
                        {"name": "Kusada"},
                        {"name": "Mai Adua"},
                        {"name": "Malumfashi"},
                        {"name": "Mani"},
                        {"name": "Mashi"},
                        {"name": "Matazu"},
                        {"name": "Musawa"},
                        {"name": "Rimi"},
                        {"name": "Sabuwa"},
                        {"name": "Safana"},
                        {"name": "Sandamu"},
                        {"name": "Zango"}
                    ]
                },
                { 
                    "name": "Kebbi",
                    "cities": [
                        {"name": "Aleiro"},
                        {"name": "Arewa Dandi"},
                        {"name": "Argungu"},
                        {"name": "Augie"},
                        {"name": "Bagudo"},
                        {"name": "Birnin Kebbi"},
                        {"name": "Bunza"},
                        {"name": "Dandi"},
                        {"name": "Fakai"},
                        {"name": "Gwandu"},
                        {"name": "Jega"},
                        {"name": "Kalgo"},
                        {"name": "Koko Besse"},
                        {"name": "Maiyama"},
                        {"name": "Ngaski"},
                        {"name": "Sakaba"},
                        {"name": "Shanga"},
                        {"name": "Suru"},
                        {"name": "Wasagu Danko"},
                        {"name": "Yauri"},
                        {"name": "Zuru"}
                    ]
                },
                { 
                    "name": "Kogi",
                    "cities": [
                        {"name": "Adavi"},
                        {"name": "Ajaokuta"},
                        {"name": "Ankpa"},
                        {"name": "Bassa"},
                        {"name": "Dekina"},
                        {"name": "Ibaji"},
                        {"name": "Idah"},
                        {"name": "Igalamela Odolu"},
                        {"name": "Ijumu"},
                        {"name": "Kabba Bunu"},
                        {"name": "Kogi"},
                        {"name": "Lokoja"},
                        {"name": "Mopa Muro"},
                        {"name": "Ofu"},
                        {"name": "Ogori Magongo"},
                        {"name": "Okehi"},
                        {"name": "Okene"},
                        {"name": "Olamaboro"},
                        {"name": "Omala"},
                        {"name": "Yagba East"},
                        {"name": "Yagba West"}
                    ]
                },
                { 
                    "name": "Kwara",
                    "cities": [
                        {"name": "Asa"},
                        {"name": "Baruten"},
                        {"name": "Edu"},
                        {"name": "Ekiti"},
                        {"name": "Ifelodun"},
                        {"name": "Ilorin East"},
                        {"name": "Ilorin South"},
                        {"name": "Ilorin West"},
                        {"name": "Irepodun"},
                        {"name": "Isin"},
                        {"name": "Kaiama"},
                        {"name": "Moro"},
                        {"name": "Offa"},
                        {"name": "Oke Ero"},
                        {"name": "Oyun"},
                        {"name": "Pategi"}
                    ]
                },
                { 
                    "name": "Lagos",
                    "cities": [
                        {"name": "Agege"},
                        {"name": "Ajeromi-Ifelodun"},
                        {"name": "Alimosho"},
                        {"name": "Amuwo-Odofin"},
                        {"name": "Apapa"},
                        {"name": "Badagry"},
                        {"name": "Epe"},
                        {"name": "Eti Osa"},
                        {"name": "Ibeju-Lekki"},
                        {"name": "Ifako-Ijaiye"},
                        {"name": "Ikeja"},
                        {"name": "Ikorodu"},
                        {"name": "Kosofe"},
                        {"name": "Lagos Island"},
                        {"name": "Lagos Mainland"},
                        {"name": "Mushin"},
                        {"name": "Ojo"},
                        {"name": "Oshodi-Isolo"},
                        {"name": "Shomolu"},
                        {"name": "Surulere"}
                    ]
                },
                { 
                    "name": "Nassarawa",
                    "cities": [
                        {"name": "Akwanga"},
                        {"name": "Awe"},
                        {"name": "Doma"},
                        {"name": "Karu"},
                        {"name": "Keana"},
                        {"name": "Keffi"},
                        {"name": "Kokona"},
                        {"name": "Lafia"},
                        {"name": "Nasarawa"},
                        {"name": "Nasarawa Egon"},
                        {"name": "Obi"},
                        {"name": "Toto"},
                        {"name": "Wamba"}
                    ]
                },
                { 
                    "name": "Niger",
                    "cities": [
                        {"name": "Agaie"},
                        {"name": "Agwara"},
                        {"name": "Bida"},
                        {"name": "Borgu"},
                        {"name": "Bosso"},
                        {"name": "Chanchaga"},
                        {"name": "Edati"},
                        {"name": "Gbako"},
                        {"name": "Gurara"},
                        {"name": "Katcha"},
                        {"name": "Kontagora"},
                        {"name": "Lapai"},
                        {"name": "Lavun"},
                        {"name": "Magama"},
                        {"name": "Mariga"},
                        {"name": "Mashegu"},
                        {"name": "Mokwa"},
                        {"name": "Moya"},
                        {"name": "Paikoro"},
                        {"name": "Rafi"},
                        {"name": "Rijau"},
                        {"name": "Shiroro"},
                        {"name": "Suleja"},
                        {"name": "Tafa"},
                        {"name": "Wushishi"}
                    ]
                },
                { 
                    "name": "Ogun",
                    "cities": [
                        {"name": "Abeokuta North"},
                        {"name": "Abeokuta South"},
                        {"name": "Ado-Odo Ota"},
                        {"name": "Egbado North"},
                        {"name": "Egbado South"},
                        {"name": "Ewekoro"},
                        {"name": "Ifo"},
                        {"name": "Ijebu East"},
                        {"name": "Ijebu North"},
                        {"name": "Ijebu North East"},
                        {"name": "Ijebu Ode"},
                        {"name": "Ikenne"},
                        {"name": "Imeko Afon"},
                        {"name": "Ipokia"},
                        {"name": "Obafemi Owode"},
                        {"name": "Odeda"},
                        {"name": "Odogbolu"},
                        {"name": "Ogun Waterside"},
                        {"name": "Remo North"},
                        {"name": "Shagamu"}
                    ]
                },
                { 
                    "name": "Ondo",
                    "cities": [
                        {"name": "Akoko North-East"},
                        {"name": "Akoko North-West"},
                        {"name": "Akoko South-West"},
                        {"name": "Akoko South-East"},
                        {"name": "Akure North"},
                        {"name": "Akure South"},
                        {"name": "Ese Odo"},
                        {"name": "Idanre"},
                        {"name": "Ifedore"},
                        {"name": "Ilaje"},
                        {"name": "Ile Oluji-Okeigbo"},
                        {"name": "Irele"},
                        {"name": "Odigbo"},
                        {"name": "Okitipupa"},
                        {"name": "Ondo East"},
                        {"name": "Ondo West"},
                        {"name": "Ose"},
                        {"name": "Owo"}
                    ]
                },
                { 
                    "name": "Osun",
                    "cities": [
                        {"name": "Atakunmosa East"},
                        {"name": "Atakunmosa West"},
                        {"name": "Aiyedaade"},
                        {"name": "Aiyedire"},
                        {"name": "Boluwaduro"},
                        {"name": "Boripe"},
                        {"name": "Ede North"},
                        {"name": "Ede South"},
                        {"name": "Ife Central"},
                        {"name": "Ife East"},
                        {"name": "Ife North"},
                        {"name": "Ife South"},
                        {"name": "Egbedore"},
                        {"name": "Ejigbo"},
                        {"name": "Ifedayo"},
                        {"name": "Ifelodun"},
                        {"name": "Ila"},
                        {"name": "Ilesa East"},
                        {"name": "Ilesa West"},
                        {"name": "Irepodun"},
                        {"name": "Irewole"},
                        {"name": "Isokan"},
                        {"name": "Iwo"},
                        {"name": "Obokun"},
                        {"name": "Odo Otin"},
                        {"name": "Ola Oluwa"},
                        {"name": "Olorunda"},
                        {"name": "Oriade"},
                        {"name": "Orolu"},
                        {"name": "Osogbo"}
                    ]
                },
                { 
                    "name": "Oyo",
                    "cities": [
                        {"name": "Afijio"},
                        {"name": "Akinyele"},
                        {"name": "Atiba"},
                        {"name": "Atisbo"},
                        {"name": "Egbeda"},
                        {"name": "Ibadan North"},
                        {"name": "Ibadan North-East"},
                        {"name": "Ibadan North-West"},
                        {"name": "Ibadan South-East"},
                        {"name": "Ibadan South-West"},
                        {"name": "Ibarapa Central"},
                        {"name": "Ibarapa East"},
                        {"name": "Ibarapa North"},
                        {"name": "Ido"},
                        {"name": "Irepo"},
                        {"name": "Iseyin"},
                        {"name": "Itesiwaju"},
                        {"name": "Iwajowa"},
                        {"name": "Kajola"},
                        {"name": "Lagelu"},
                        {"name": "Ogbomosho North"},
                        {"name": "Ogbomosho South"},
                        {"name": "Ogo Oluwa"},
                        {"name": "Olorunsogo"},
                        {"name": "Oluyole"},
                        {"name": "Ona Ara"},
                        {"name": "Orelope"},
                        {"name": "Ori Ire"},
                        {"name": "Oyo"},
                        {"name": "Oyo East"},
                        {"name": "Saki East"},
                        {"name": "Saki West"},
                        {"name": "Surulere"}
                    ]
                },
                { 
                    "name": "Plateau",
                    "cities": [
                        {"name": "Bokkos"},
                        {"name": "Barkin Ladi"},
                        {"name": "Bassa"},
                        {"name": "Jos East"},
                        {"name": "Jos North"},
                        {"name": "Jos South"},
                        {"name": "Kanam"},
                        {"name": "Kanke"},
                        {"name": "Langtang South"},
                        {"name": "Langtang North"},
                        {"name": "Mangu"},
                        {"name": "Mikang"},
                        {"name": "Pankshin"},
                        {"name": "Qua'an Pan"},
                        {"name": "Riyom"},
                        {"name": "Shendam"},
                        {"name": "Wase"}
                    ]
                },
                { 
                    "name": "Rivers",
                    "cities": [
                        {"name": "ABHONEMA"},
                        {"name": "AHOADA EAST"},
                        {"name": "AHOADA WEST"},
                        {"name": "AIRPORT ROAD - PORT HARCOURT"},
                        {"name": "BONNY ISLAND"},
                        {"name": "ELELE"},
                        {"name": "ELEME-AGBONCHIA"},
                        {"name": "ELEME-AKPAJO"},
                        {"name": "ELEME-ALESA"},
                        {"name": "ELEME-ALETO"},
                        {"name": "ELEME-ALODE"},
                        {"name": "ELEME-EBUBU"},
                        {"name": "ELEME-EKPORO"},
                        {"name": "ELEME-ETEO"},
                        {"name": "ELEME-NCHIA"},
                        {"name": "ELEME-ODIDO"},
                        {"name": "ELEME-OGALE"},
                        {"name": "ELEME-ONNE"},
                        {"name": "EMOUHA"},
                        {"name": "ETCHE"},
                        {"name": "ISIOKPO"},
                        {"name": "OKRIKA"},
                        {"name": "OKRIKA-OKRIKA TOWN(KIRIKE)"},
                        {"name": "OMOKU"},
                        {"name": "OYIGBO-AFAM"},
                        {"name": "OYIGBO-EGBERU"},
                        {"name": "OYIGBO-IZUOMA"},
                        {"name": "OYIGBO-KOMKOM"},
                        {"name": "OYIGBO-MIRINWANYI"},
                        {"name": "OYIGBO-NDOKI"},
                        {"name": "OYIGBO-OBEAMA"},
                        {"name": "OYIGBO-UMUAGBAI"},
                        {"name": "PHC-NEW GRA -PHASE 1 2 3 4"},
                        {"name": "PHC-RIVER STATE UNIVERSITY"},
                        {"name": "PHC-WOJI Central Location"},
                        {"name": "PORTHARCOURT-ABONNEMA TOWN"},
                        {"name": "PORTHARCOURT-ABONNEMA WHARF"},
                        {"name": "PORTHARCOURT-ABULOMA"},
                        {"name": "PORTHARCOURT-ADA GEORGE"},
                        {"name": "PORTHARCOURT-AGIP"},
                        {"name": "PORTHARCOURT-AIRFORCE BASE"},
                        {"name": "PORTHARCOURT-AKPAJO"},
                        {"name": "PORTHARCOURT-ALAKAHIA-UPTH"},
                        {"name": "PORTHARCOURT-ALUU"},
                        {"name": "PORTHARCOURT-AMADI AMA"},
                        {"name": "PORTHARCOURT-AYA-OGOLOGO"},
                        {"name": "PORTHARCOURT-AZUBIE"},
                        {"name": "PORTHARCOURT-BORI CAMP"},
                        {"name": "PORTHARCOURT-BOROKIRI"},
                        {"name": "PORTHARCOURT-CHOBA"},
                        {"name": "PORTHARCOURT-CHOBA-UNIPORT"},
                        {"name": "PORTHARCOURT-CHURCHHILL"},
                        {"name": "PORTHARCOURT-D/LINE"},
                        {"name": "PORTHARCOURT-DARICK POLO"},
                        {"name": "PORTHARCOURT-DIOBU"},
                        {"name": "PORTHARCOURT-EAGLE ISLAND"},
                        {"name": "PORTHARCOURT-EGBELU"},
                        {"name": "PORTHARCOURT-ELEKAHIA"},
                        {"name": "PORTHARCOURT-ELELEWON"},
                        {"name": "PORTHARCOURT-ELIBOLO"},
                        {"name": "PORTHARCOURT-ELIGBAM"},
                        {"name": "PORTHARCOURT-ELIMGBU"},
                        {"name": "PORTHARCOURT-ELINPARAWON"},
                        {"name": "PORTHARCOURT-ELIOHANI"},
                        {"name": "PORTHARCOURT-ELIOZU"},
                        {"name": "PORTHARCOURT-ENEKA"},
                        {"name": "PORTHARCOURT-IGWURUTA"},
                        {"name": "PORTHARCOURT-INTELS KM 16"},
                        {"name": "PORTHARCOURT-MGBUOBA"},
                        {"name": "PORTHARCOURT-MILE 1"},
                        {"name": "PORTHARCOURT-MILE 2"},
                        {"name": "PORTHARCOURT-MILE 3"},
                        {"name": "PORTHARCOURT-MILE 4"},
                        {"name": "PORTHARCOURT-MILE 5"},
                        {"name": "PORTHARCOURT-MGBUOSIMINI"},
                        {"name": "PORTHARCOURT-NEW GRA-TOMBIA"},
                        {"name": "PORTHARCOURT-NKPOGU"},
                        {"name": "PORTHARCOURT-NKPOLU"},
                        {"name": "PORTHARCOURT-OGBATAI"},
                        {"name": "PORTHARCOURT-OGBOGORO"},
                        {"name": "PORTHARCOURT-OGBUNABALI"},
                        {"name": "PORTHARCOURT-OGINIGBA"},
                        {"name": "PORTHARCOURT-OKPORO ROAD"},
                        {"name": "PORTHARCOURT-OKURU"},
                        {"name": "PORTHARCOURT-OLD GRA"},
                        {"name": "PORTHARCOURT-ORAZI"},
                        {"name": "PORTHARCOURT-OZUBOKO"},
                        {"name": "PORTHARCOURT-PETER ODILLI ROAD"},
                        {"name": "PORTHARCOURT-RECLAMATION"},
                        {"name": "PORTHARCOURT-RUKPOKWU"},
                        {"name": "PORTHARCOURT-RUMEME"},
                        {"name": "PORTHARCOURT-RUMUAGHAOLU"},
                        {"name": "PORTHARCOURT-RUMUAKPAKOLOSI"},
                        {"name": "PORTHARCOURT-RUMUEPIRIKOM"},
                        {"name": "PORTHARCOURT-RUMUEVOLU"},
                        {"name": "PORTHARCOURT-RUMUIBEKWE"},
                        {"name": "PORTHARCOURT-RUMUIGBO"},
                        {"name": "PORTHARCOURT-RUMUKALAGBOR"},
                        {"name": "PORTHARCOURT-RUMUKRUSHI"},
                        {"name": "PORTHARCOURT-RUMUMASI"},
                        {"name": "PORTHARCOURT-RUMUODUMAYA"},
                        {"name": "PORTHARCOURT-RUMUOGBA"},
                        {"name": "PORTHARCOURT-RUMUOKE"},
                        {"name": "PORTHARCOURT-RUMUOKORO"},
                        {"name": "PORTHARCOURT-RUMUOKWUTA"},
                        {"name": "PORTHARCOURT-RUMUOLA"},
                        {"name": "PORTHARCOURT-RUMUOLUMENI"},
                        {"name": "PORTHARCOURT-RUMUOROSI"},
                        {"name": "PORTHARCOURT-RUMUOWAH"},
                        {"name": "PORTHARCOURT-STADIUM ROAD"},
                        {"name": "PORTHARCOURT-TOWN"},
                        {"name": "PORTHARCOURT-TRANS AMADI"},
                        {"name": "PORTHARCOURT-WOJI ILLOM"},
                        {"name": "PORTHARCOURT-WOJI ROAD"},
                        {"name": "PORTHARCOURT-WOJI YKC"},
                        {"name": "PORTHARCOURT-WOJI-ELIJIJI"},
                        {"name": "RUMUAGHOLU"},
                        {"name": "RUMUODUOMAYA"},
                        {"name": "Obio-Akpor"},
                        {"name": "OguBolo"},
                        {"name": "Tai"},
                        {"name": "Gokana"},
                        {"name": "Khana"},
                        {"name": "OpoboNkoro"},
                        {"name": "Andoni"},
                        {"name": "Bonny"},
                        {"name": "Degema"},
                        {"name": "Asari-Toru"},
                        {"name": "Akuku-Toru"},
                        {"name": "AbuaOdual"},
                        {"name": "OgbaEgbemaNdoni"},
                        {"name": "Ikwerre"},
                        {"name": "Omuma"}
                    ]
                },
                { 
                    "name": "Sokoto",
                    "cities": [
                        {"name": "Binji"},
                        {"name": "Bodinga"},
                        {"name": "Dange Shuni"},
                        {"name": "Gada"},
                        {"name": "Goronyo"},
                        {"name": "Gudu"},
                        {"name": "Gwadabawa"},
                        {"name": "Illela"},
                        {"name": "Isa"},
                        {"name": "Kebbe"},
                        {"name": "Kware"},
                        {"name": "Rabah"},
                        {"name": "Sabon Birni"},
                        {"name": "Shagari"},
                        {"name": "Silame"},
                        {"name": "Sokoto North"},
                        {"name": "Sokoto South"},
                        {"name": "Tambuwal"},
                        {"name": "Tangaza"},
                        {"name": "Tureta"},
                        {"name": "Wamako"},
                        {"name": "Wurno"},
                        {"name": "Yabo"}
                    ]
                },
                { 
                    "name": "Taraba",
                    "cities": [
                        {"name": "Ardo Kola"},
                        {"name": "Bali"},
                        {"name": "Donga"},
                        {"name": "Gashaka"},
                        {"name": "Gassol"},
                        {"name": "Ibi"},
                        {"name": "Jalingo"},
                        {"name": "Karim Lamido"},
                        {"name": "Kumi"},
                        {"name": "Lau"},
                        {"name": "Sardauna"},
                        {"name": "Takum"},
                        {"name": "Ussa"},
                        {"name": "Wukari"},
                        {"name": "Yorro"},
                        {"name": "Zing"}
                    ]
                },
                { 
                    "name": "Yobe",
                    "cities": [
                        {"name": "Bade"},
                        {"name": "Bursari"},
                        {"name": "Damaturu"},
                        {"name": "Fika"},
                        {"name": "Fune"},
                        {"name": "Geidam"},
                        {"name": "Gujba"},
                        {"name": "Gulani"},
                        {"name": "Jakusko"},
                        {"name": "Karasuwa"},
                        {"name": "Machina"},
                        {"name": "Nangere"},
                        {"name": "Nguru"},
                        {"name": "Potiskum"},
                        {"name": "Tarmuwa"},
                        {"name": "Yunusari"},
                        {"name": "Yusufari"}
                    ]
                },
                { 
                    "name": "Zamfara",
                    "cities": [
                        {"name": "Anka"},
                        {"name": "Bakura"},
                        {"name": "Birnin Magaji Kiyaw"},
                        {"name": "Bukkuyum"},
                        {"name": "Bungudu"},
                        {"name": "Gummi"},
                        {"name": "Gusau"},
                        {"name": "Kaura Namoda"},
                        {"name": "Maradun"},
                        {"name": "Maru"},
                        {"name": "Shinkafi"},
                        {"name": "Talata Mafara"},
                        {"name": "Chafe"},
                        {"name": "Zurmi"}
                    ]
                }
            ]
        }
    ]
}